{
  "adult_semantic": {
    "group": "adult_semantic",
    "seeds": [
      0,
      1,
      2
    ],
    "n_runs": 3,
    "classifier_test_acc": {
      "mean": 77.78333333333333,
      "std": 1.8404769913138117,
      "min": 76.01,
      "max": 80.32,
      "n": 3
    },
    "classifier_test_f1": {
      "mean": 62.583333333333336,
      "std": 9.325042746401877,
      "min": 49.44,
      "max": 70.09,
      "n": 3
    },
    "classifier_test_auc": {
      "mean": 80.9,
      "std": 2.840504649999129,
      "min": 77.33,
      "max": 84.28,
      "n": 3
    },
    "wsd_1way": {
      "mean": 0.07175215666666666,
      "std": 0.025889069598477695,
      "min": 0.04996766,
      "max": 0.10812857,
      "n": 3
    },
    "wsd_2way": {
      "mean": 0.13879101333333332,
      "std": 0.05171884925293313,
      "min": 0.09504307,
      "max": 0.21142764,
      "n": 3
    },
    "wsd_3way": {
      "mean": 0.20487805,
      "std": 0.0776686071223533,
      "min": 0.13890566,
      "max": 0.31391917,
      "n": 3
    },
    "runtime_seconds": {
      "mean": 3050.5633333333335,
      "std": 23.179986099123344,
      "min": 3019.92,
      "max": 3075.97,
      "n": 3
    },
    "education_inconsistency_rate": {
      "mean": 0.5023333333333334,
      "std": 0.07211689969918442,
      "min": 0.4075,
      "max": 0.58225,
      "n": 3
    },
    "capital-gain_pos_ratio_abs_diff": {
      "mean": 0.5193870847331095,
      "std": 0.012195172086617804,
      "min": 0.5025537513997761,
      "max": 0.5310537513997761,
      "n": 3
    },
    "capital-loss_pos_ratio_abs_diff": {
      "mean": 0.5348640350877193,
      "std": 0.0161365699232795,
      "min": 0.5146973684210526,
      "max": 0.5541973684210526,
      "n": 3
    }
  },
  "official": {
    "group": "official",
    "seeds": [
      0,
      1,
      2
    ],
    "n_runs": 3,
    "classifier_test_acc": {
      "mean": 79.89333333333333,
      "std": 0.5790989169006928,
      "min": 79.28,
      "max": 80.67,
      "n": 3
    },
    "classifier_test_f1": {
      "mean": 70.57666666666667,
      "std": 1.1786244336325138,
      "min": 68.91,
      "max": 71.43,
      "n": 3
    },
    "classifier_test_auc": {
      "mean": 83.33,
      "std": 0.8573214099741141,
      "min": 82.58,
      "max": 84.53,
      "n": 3
    },
    "wsd_1way": {
      "mean": 0.029176513333333334,
      "std": 0.0025432402120698105,
      "min": 0.02666544,
      "max": 0.03266207,
      "n": 3
    },
    "wsd_2way": {
      "mean": 0.051733930000000004,
      "std": 0.004004295057160497,
      "min": 0.04715255,
      "max": 0.05690729,
      "n": 3
    },
    "wsd_3way": {
      "mean": 0.07429756666666666,
      "std": 0.005548257964780979,
      "min": 0.06752949,
      "max": 0.08111957,
      "n": 3
    },
    "runtime_seconds": {
      "mean": 2903.193333333333,
      "std": 21.218591428797122,
      "min": 2879.62,
      "max": 2931.06,
      "n": 3
    },
    "education_inconsistency_rate": {
      "mean": 0.5493333333333333,
      "std": 0.044021932664929125,
      "min": 0.49425,
      "max": 0.602,
      "n": 3
    },
    "capital-gain_pos_ratio_abs_diff": {
      "mean": 0.7597204180664429,
      "std": 0.01184330565715875,
      "min": 0.7433037513997761,
      "max": 0.7708037513997761,
      "n": 3
    },
    "capital-loss_pos_ratio_abs_diff": {
      "mean": 0.8046140350877193,
      "std": 0.011648199670144513,
      "min": 0.7921973684210527,
      "max": 0.8201973684210526,
      "n": 3
    }
  },
  "public_fe": {
    "group": "public_fe",
    "seeds": [
      0,
      1,
      2
    ],
    "n_runs": 3,
    "classifier_test_acc": {
      "mean": 78.60666666666667,
      "std": 0.8109802025258658,
      "min": 77.72,
      "max": 79.68,
      "n": 3
    },
    "classifier_test_f1": {
      "mean": 63.28333333333333,
      "std": 7.681997714715158,
      "min": 54.44,
      "max": 73.17,
      "n": 3
    },
    "classifier_test_auc": {
      "mean": 80.19666666666667,
      "std": 4.264679224618057,
      "min": 74.51,
      "max": 84.78,
      "n": 3
    },
    "wsd_1way": {
      "mean": 0.08395301,
      "std": 0.015881285268166005,
      "min": 0.06169745,
      "max": 0.0976962,
      "n": 3
    },
    "wsd_2way": {
      "mean": 0.15793744666666665,
      "std": 0.02969653060216781,
      "min": 0.11635551,
      "max": 0.18383065,
      "n": 3
    },
    "wsd_3way": {
      "mean": 0.2285670833333333,
      "std": 0.042140251816477736,
      "min": 0.1696465,
      "max": 0.26577172,
      "n": 3
    },
    "runtime_seconds": {
      "mean": 3105.9966666666664,
      "std": 46.577249334364495,
      "min": 3042.41,
      "max": 3152.68,
      "n": 3
    },
    "education_inconsistency_rate": {
      "mean": 0.9423333333333334,
      "std": 0.012570357548172187,
      "min": 0.92975,
      "max": 0.9595,
      "n": 3
    },
    "capital-gain_pos_ratio_abs_diff": {
      "mean": 0.5234704180664428,
      "std": 0.00692920550199582,
      "min": 0.514303751399776,
      "max": 0.5310537513997761,
      "n": 3
    },
    "capital-loss_pos_ratio_abs_diff": {
      "mean": 0.572280701754386,
      "std": 0.008694666308848315,
      "min": 0.5636973684210527,
      "max": 0.5841973684210526,
      "n": 3
    }
  },
  "robust_numeric": {
    "group": "robust_numeric",
    "seeds": [
      0,
      1,
      2
    ],
    "n_runs": 3,
    "classifier_test_acc": {
      "mean": 81.01333333333332,
      "std": 1.3024677432559422,
      "min": 79.21,
      "max": 82.24,
      "n": 3
    },
    "classifier_test_f1": {
      "mean": 71.18666666666667,
      "std": 0.5360555526767284,
      "min": 70.45,
      "max": 71.71,
      "n": 3
    },
    "classifier_test_auc": {
      "mean": 84.60666666666667,
      "std": 1.3376679541483985,
      "min": 82.72,
      "max": 85.67,
      "n": 3
    },
    "wsd_1way": {
      "mean": 0.07001373,
      "std": 0.02361448504444818,
      "min": 0.04298889,
      "max": 0.1005176,
      "n": 3
    },
    "wsd_2way": {
      "mean": 0.13501259,
      "std": 0.04689849293096528,
      "min": 0.0812373,
      "max": 0.19552116,
      "n": 3
    },
    "wsd_3way": {
      "mean": 0.1995934033333333,
      "std": 0.0695856519968163,
      "min": 0.11975368,
      "max": 0.28933754,
      "n": 3
    },
    "runtime_seconds": {
      "mean": 3007.7433333333333,
      "std": 29.862509755358637,
      "min": 2981.29,
      "max": 3049.48,
      "n": 3
    },
    "education_inconsistency_rate": {
      "mean": 0.71125,
      "std": 0.02366519948503847,
      "min": 0.68,
      "max": 0.73725,
      "n": 3
    },
    "capital-gain_pos_ratio_abs_diff": {
      "mean": 0.49822041806644274,
      "std": 0.008055363982396414,
      "min": 0.49155375139977603,
      "max": 0.5095537513997761,
      "n": 3
    },
    "capital-loss_pos_ratio_abs_diff": {
      "mean": 0.5210307017543859,
      "std": 0.016325253103363788,
      "min": 0.49919736842105267,
      "max": 0.5384473684210527,
      "n": 3
    }
  }
}