{
  "nn": {
    "group": "nn",
    "seeds": [
      0,
      1,
      2
    ],
    "n_runs": 3,
    "classifier_test_acc": {
      "mean": 86.01333333333334,
      "std": 0.1643843734125087,
      "min": 85.8,
      "max": 86.2,
      "n": 3
    },
    "classifier_test_f1": {
      "mean": 86.00666666666666,
      "std": 0.17307673314329655,
      "min": 85.78,
      "max": 86.2,
      "n": 3
    },
    "classifier_test_auc": {
      "mean": 93.75333333333333,
      "std": 0.09392668535737078,
      "min": 93.64,
      "max": 93.87,
      "n": 3
    },
    "wsd_5way": {
      "mean": 0.14276731333333334,
      "std": 0.0003759111943294905,
      "min": 0.14228849,
      "max": 0.14320675,
      "n": 3
    },
    "wsd_6way": {
      "mean": 0.18141905,
      "std": 0.00031190711021072026,
      "min": 0.1810364,
      "max": 0.18180041,
      "n": 3
    },
    "wsd_7way": {
      "mean": 0.21778259,
      "std": 0.00018907985843729142,
      "min": 0.2175155,
      "max": 0.21792727,
      "n": 3
    },
    "runtime_seconds": {
      "mean": 741.0499999999998,
      "std": 3.3647090017810855,
      "min": 738.43,
      "max": 745.8,
      "n": 3
    }
  },
  "rff": {
    "group": "rff",
    "seeds": [
      0,
      1,
      2
    ],
    "n_runs": 3,
    "classifier_test_acc": {
      "mean": 61.080000000000005,
      "std": 0.9007034288080978,
      "min": 59.81,
      "max": 61.8,
      "n": 3
    },
    "classifier_test_f1": {
      "mean": 61.02,
      "std": 0.8698275691193048,
      "min": 59.79,
      "max": 61.65,
      "n": 3
    },
    "classifier_test_auc": {
      "mean": 65.09666666666668,
      "std": 1.1316752576993474,
      "min": 63.5,
      "max": 65.99,
      "n": 3
    },
    "wsd_5way": {
      "mean": 0.14618141666666667,
      "std": 0.0008878000056444209,
      "min": 0.14520666,
      "max": 0.14735412,
      "n": 3
    },
    "wsd_6way": {
      "mean": 0.18637193,
      "std": 0.0009486081423854684,
      "min": 0.18508221,
      "max": 0.18733656,
      "n": 3
    },
    "wsd_7way": {
      "mean": 0.22457725333333334,
      "std": 0.0010795075905039068,
      "min": 0.22305726,
      "max": 0.22546062,
      "n": 3
    },
    "runtime_seconds": {
      "mean": 725.1166666666668,
      "std": 4.025852566710463,
      "min": 719.43,
      "max": 728.2,
      "n": 3
    }
  },
  "tree": {
    "group": "tree",
    "seeds": [
      0,
      1,
      2
    ],
    "n_runs": 3,
    "classifier_test_acc": {
      "mean": 67.57666666666667,
      "std": 0.1643843734125087,
      "min": 67.39,
      "max": 67.79,
      "n": 3
    },
    "classifier_test_f1": {
      "mean": 67.56666666666666,
      "std": 0.1596524001977075,
      "min": 67.38,
      "max": 67.77,
      "n": 3
    },
    "classifier_test_auc": {
      "mean": 73.21666666666665,
      "std": 0.3511251755270328,
      "min": 72.85,
      "max": 73.69,
      "n": 3
    },
    "wsd_5way": {
      "mean": 0.14378271,
      "std": 0.0009828884198117317,
      "min": 0.14252734,
      "max": 0.14492725,
      "n": 3
    },
    "wsd_6way": {
      "mean": 0.18423038999999997,
      "std": 0.0010621796768281065,
      "min": 0.18310083,
      "max": 0.18565273,
      "n": 3
    },
    "wsd_7way": {
      "mean": 0.22264114,
      "std": 0.0013289264837454263,
      "min": 0.22152292,
      "max": 0.2245084,
      "n": 3
    },
    "runtime_seconds": {
      "mean": 725.3366666666667,
      "std": 0.8410046901705605,
      "min": 724.21,
      "max": 726.23,
      "n": 3
    }
  }
}